file_path,column_name,data_type_inferred,unit,description,missing_value_policy
input/analysis_config.csv,parameter,object,,Column from the input or output table; see README and source provenance for context.,"Blank/NaN indicates not available, not applicable, or not present in the corresponding data layer."
input/analysis_config.csv,value,float64,,Column from the input or output table; see README and source provenance for context.,"Blank/NaN indicates not available, not applicable, or not present in the corresponding data layer."
input/analysis_config.csv,description,object,,Column from the input or output table; see README and source provenance for context.,"Blank/NaN indicates not available, not applicable, or not present in the corresponding data layer."
input/apogee_dr17_gc_member_summary.csv,cluster_id,object,,Standardised cluster identifier used by the workflow.,"Blank/NaN indicates not available, not applicable, or not present in the corresponding data layer."
input/apogee_dr17_gc_member_summary.csv,apogee_name,object,,APOGEE DR17 globular-cluster support metadata.,"Blank/NaN indicates not available, not applicable, or not present in the corresponding data layer."
input/apogee_dr17_gc_member_summary.csv,n_apogee_rows,int64,count,APOGEE DR17 globular-cluster support metadata.,"Blank/NaN indicates not available, not applicable, or not present in the corresponding data layer."
input/apogee_dr17_gc_member_summary.csv,n_finite_rv,int64,count,Column from the input or output table; see README and source provenance for context.,"Blank/NaN indicates not available, not applicable, or not present in the corresponding data layer."
input/apogee_dr17_gc_member_summary.csv,rv_median_kms,float64,km s^-1,Column from the input or output table; see README and source provenance for context.,"Blank/NaN indicates not available, not applicable, or not present in the corresponding data layer."
input/apogee_dr17_gc_member_summary.csv,rv_robust_sigma_kms,float64,km s^-1,Column from the input or output table; see README and source provenance for context.,"Blank/NaN indicates not available, not applicable, or not present in the corresponding data layer."
input/apogee_dr17_gc_member_summary.csv,n_finite_feh,int64,dex,Column from the input or output table; see README and source provenance for context.,"Blank/NaN indicates not available, not applicable, or not present in the corresponding data layer."
input/apogee_dr17_gc_member_summary.csv,feh_median,float64,dex,Column from the input or output table; see README and source provenance for context.,"Blank/NaN indicates not available, not applicable, or not present in the corresponding data layer."
input/apogee_dr17_gc_member_summary.csv,feh_robust_sigma,float64,dex,Column from the input or output table; see README and source provenance for context.,"Blank/NaN indicates not available, not applicable, or not present in the corresponding data layer."
input/apogee_dr17_gc_member_summary.csv,rvprob_median,float64,,Column from the input or output table; see README and source provenance for context.,"Blank/NaN indicates not available, not applicable, or not present in the corresponding data layer."
input/apogee_dr17_gc_member_summary.csv,n_rvprob_gt_0p5,int64,count,Column from the input or output table; see README and source provenance for context.,"Blank/NaN indicates not available, not applicable, or not present in the corresponding data layer."
input/apogee_dr17_gc_member_summary.csv,n_rvprob_gt_0p8,int64,count,Column from the input or output table; see README and source provenance for context.,"Blank/NaN indicates not available, not applicable, or not present in the corresponding data layer."
input/apogee_dr17_gc_members_selected.csv,cluster_id,object,,Standardised cluster identifier used by the workflow.,"Blank/NaN indicates not available, not applicable, or not present in the corresponding data layer."
input/apogee_dr17_gc_members_selected.csv,GC_NAME,object,,Column from the input or output table; see README and source provenance for context.,"Blank/NaN indicates not available, not applicable, or not present in the corresponding data layer."
input/apogee_dr17_gc_members_selected.csv,dPOS,float64,,Column from the input or output table; see README and source provenance for context.,"Blank/NaN indicates not available, not applicable, or not present in the corresponding data layer."
input/apogee_dr17_gc_members_selected.csv,dRV,float64,,Column from the input or output table; see README and source provenance for context.,"Blank/NaN indicates not available, not applicable, or not present in the corresponding data layer."
input/apogee_dr17_gc_members_selected.csv,dPM,float64,,Column from the input or output table; see README and source provenance for context.,"Blank/NaN indicates not available, not applicable, or not present in the corresponding data layer."
input/apogee_dr17_gc_members_selected.csv,dFeH,float64,dex,Column from the input or output table; see README and source provenance for context.,"Blank/NaN indicates not available, not applicable, or not present in the corresponding data layer."
input/apogee_dr17_gc_members_selected.csv,RV_Prob,float64,,Column from the input or output table; see README and source provenance for context.,"Blank/NaN indicates not available, not applicable, or not present in the corresponding data layer."
input/apogee_dr17_gc_members_selected.csv,VB_PROB,float64,,Column from the input or output table; see README and source provenance for context.,"Blank/NaN indicates not available, not applicable, or not present in the corresponding data layer."
input/apogee_dr17_gc_members_selected.csv,VHELIO_AVG,float64,,Column from the input or output table; see README and source provenance for context.,"Blank/NaN indicates not available, not applicable, or not present in the corresponding data layer."
input/apogee_dr17_gc_members_selected.csv,VERR,float64,,Column from the input or output table; see README and source provenance for context.,"Blank/NaN indicates not available, not applicable, or not present in the corresponding data layer."
input/apogee_dr17_gc_members_selected.csv,GAIAEDR3_SOURCE_ID,int64,,"Gaia EDR3 profile, catalogue, or diagnostic quantity.","Blank/NaN indicates not available, not applicable, or not present in the corresponding data layer."
input/apogee_dr17_gc_members_selected.csv,GAIAEDR3_PARALLAX,float64,,"Gaia EDR3 profile, catalogue, or diagnostic quantity.","Blank/NaN indicates not available, not applicable, or not present in the corresponding data layer."
input/apogee_dr17_gc_members_selected.csv,GAIAEDR3_PMRA,float64,,"Gaia EDR3 profile, catalogue, or diagnostic quantity.","Blank/NaN indicates not available, not applicable, or not present in the corresponding data layer."
input/apogee_dr17_gc_members_selected.csv,GAIAEDR3_PMDEC,float64,,"Gaia EDR3 profile, catalogue, or diagnostic quantity.","Blank/NaN indicates not available, not applicable, or not present in the corresponding data layer."
input/apogee_dr17_gc_members_selected.csv,GAIAEDR3_PHOT_G_MEAN_MAG,float64,,"Gaia EDR3 profile, catalogue, or diagnostic quantity.","Blank/NaN indicates not available, not applicable, or not present in the corresponding data layer."
input/apogee_dr17_gc_members_selected.csv,M_H,float64,,Column from the input or output table; see README and source provenance for context.,"Blank/NaN indicates not available, not applicable, or not present in the corresponding data layer."
input/apogee_dr17_gc_members_selected.csv,M_H_ERR,float64,,Column from the input or output table; see README and source provenance for context.,"Blank/NaN indicates not available, not applicable, or not present in the corresponding data layer."
input/apogee_dr17_gc_members_selected.csv,C_FE,float64,,Column from the input or output table; see README and source provenance for context.,"Blank/NaN indicates not available, not applicable, or not present in the corresponding data layer."
input/apogee_dr17_gc_members_selected.csv,C_FE_ERR,float64,,Column from the input or output table; see README and source provenance for context.,"Blank/NaN indicates not available, not applicable, or not present in the corresponding data layer."
input/apogee_dr17_gc_members_selected.csv,N_FE,float64,count,Column from the input or output table; see README and source provenance for context.,"Blank/NaN indicates not available, not applicable, or not present in the corresponding data layer."
input/apogee_dr17_gc_members_selected.csv,N_FE_ERR,float64,count,Column from the input or output table; see README and source provenance for context.,"Blank/NaN indicates not available, not applicable, or not present in the corresponding data layer."
input/apogee_dr17_gc_members_selected.csv,O_FE,float64,,Column from the input or output table; see README and source provenance for context.,"Blank/NaN indicates not available, not applicable, or not present in the corresponding data layer."
input/apogee_dr17_gc_members_selected.csv,O_FE_ERR,float64,,Column from the input or output table; see README and source provenance for context.,"Blank/NaN indicates not available, not applicable, or not present in the corresponding data layer."
input/apogee_dr17_gc_members_selected.csv,MG_FE,float64,,Column from the input or output table; see README and source provenance for context.,"Blank/NaN indicates not available, not applicable, or not present in the corresponding data layer."
input/apogee_dr17_gc_members_selected.csv,MG_FE_ERR,float64,,Column from the input or output table; see README and source provenance for context.,"Blank/NaN indicates not available, not applicable, or not present in the corresponding data layer."
input/apogee_dr17_gc_members_selected.csv,AL_FE,float64,,Column from the input or output table; see README and source provenance for context.,"Blank/NaN indicates not available, not applicable, or not present in the corresponding data layer."
input/apogee_dr17_gc_members_selected.csv,AL_FE_ERR,float64,,Column from the input or output table; see README and source provenance for context.,"Blank/NaN indicates not available, not applicable, or not present in the corresponding data layer."
input/apogee_dr17_gc_members_selected.csv,SI_FE,float64,,Column from the input or output table; see README and source provenance for context.,"Blank/NaN indicates not available, not applicable, or not present in the corresponding data layer."
input/apogee_dr17_gc_members_selected.csv,SI_FE_ERR,float64,,Column from the input or output table; see README and source provenance for context.,"Blank/NaN indicates not available, not applicable, or not present in the corresponding data layer."
input/apogee_dr17_gc_members_selected.csv,FE_H,float64,,Column from the input or output table; see README and source provenance for context.,"Blank/NaN indicates not available, not applicable, or not present in the corresponding data layer."
input/apogee_dr17_gc_members_selected.csv,FE_H_ERR,float64,,Column from the input or output table; see README and source provenance for context.,"Blank/NaN indicates not available, not applicable, or not present in the corresponding data layer."
input/apogee_dr17_gc_parameters.csv,cluster_id,object,,Standardised cluster identifier used by the workflow.,"Blank/NaN indicates not available, not applicable, or not present in the corresponding data layer."
input/apogee_dr17_gc_parameters.csv,GC_name,object,,Column from the input or output table; see README and source provenance for context.,"Blank/NaN indicates not available, not applicable, or not present in the corresponding data layer."
input/apogee_dr17_gc_parameters.csv,RA_cen,float64,,Column from the input or output table; see README and source provenance for context.,"Blank/NaN indicates not available, not applicable, or not present in the corresponding data layer."
input/apogee_dr17_gc_parameters.csv,DEC_cen,float64,,Column from the input or output table; see README and source provenance for context.,"Blank/NaN indicates not available, not applicable, or not present in the corresponding data layer."
input/apogee_dr17_gc_parameters.csv,R_t,float64,,Column from the input or output table; see README and source provenance for context.,"Blank/NaN indicates not available, not applicable, or not present in the corresponding data layer."
input/apogee_dr17_gc_parameters.csv,Fe_H_med,float64,,Column from the input or output table; see README and source provenance for context.,"Blank/NaN indicates not available, not applicable, or not present in the corresponding data layer."
input/apogee_dr17_gc_parameters.csv,Fe_H_sig,float64,,Column from the input or output table; see README and source provenance for context.,"Blank/NaN indicates not available, not applicable, or not present in the corresponding data layer."
input/apogee_dr17_gc_parameters.csv,RV_med,float64,,Column from the input or output table; see README and source provenance for context.,"Blank/NaN indicates not available, not applicable, or not present in the corresponding data layer."
input/apogee_dr17_gc_parameters.csv,RV_sig,float64,,Column from the input or output table; see README and source provenance for context.,"Blank/NaN indicates not available, not applicable, or not present in the corresponding data layer."
input/apogee_dr17_gc_parameters.csv,PM_RA,float64,,Column from the input or output table; see README and source provenance for context.,"Blank/NaN indicates not available, not applicable, or not present in the corresponding data layer."
input/apogee_dr17_gc_parameters.csv,PM_DEC,float64,,Column from the input or output table; see README and source provenance for context.,"Blank/NaN indicates not available, not applicable, or not present in the corresponding data layer."
input/apogee_dr17_gc_parameters.csv,PM_sig,float64,,Column from the input or output table; see README and source provenance for context.,"Blank/NaN indicates not available, not applicable, or not present in the corresponding data layer."
input/apogee_dr17_gc_parameters.csv,dist,float64,,Column from the input or output table; see README and source provenance for context.,"Blank/NaN indicates not available, not applicable, or not present in the corresponding data layer."
input/apogee_dr17_gc_parameters.csv,dist_err,float64,,Column from the input or output table; see README and source provenance for context.,"Blank/NaN indicates not available, not applicable, or not present in the corresponding data layer."
input/apogee_dr17_gc_parameters.csv,rad_vel,float64,,Column from the input or output table; see README and source provenance for context.,"Blank/NaN indicates not available, not applicable, or not present in the corresponding data layer."
input/apogee_dr17_gc_parameters.csv,rad_vel_err,float64,,Column from the input or output table; see README and source provenance for context.,"Blank/NaN indicates not available, not applicable, or not present in the corresponding data layer."
input/apogee_dr17_gc_parameters.csv,Rgc,float64,,Column from the input or output table; see README and source provenance for context.,"Blank/NaN indicates not available, not applicable, or not present in the corresponding data layer."
input/apogee_dr17_gc_parameters.csv,Rgc_err,float64,,Column from the input or output table; see README and source provenance for context.,"Blank/NaN indicates not available, not applicable, or not present in the corresponding data layer."
input/apogee_dr17_gc_parameters.csv,mass,float64,,Column from the input or output table; see README and source provenance for context.,"Blank/NaN indicates not available, not applicable, or not present in the corresponding data layer."
input/apogee_dr17_gc_parameters.csv,mass_err,float64,,Column from the input or output table; see README and source provenance for context.,"Blank/NaN indicates not available, not applicable, or not present in the corresponding data layer."
input/apogee_dr17_gc_parameters.csv,Nstars,int64,,Column from the input or output table; see README and source provenance for context.,"Blank/NaN indicates not available, not applicable, or not present in the corresponding data layer."
input/cluster_crosswalk_master.csv,cluster_id,object,,Standardised cluster identifier used by the workflow.,"Blank/NaN indicates not available, not applicable, or not present in the corresponding data layer."
input/cluster_crosswalk_master.csv,gaia_catalogue_available,bool,boolean,"Gaia EDR3 profile, catalogue, or diagnostic quantity.","Blank/NaN indicates not available, not applicable, or not present in the corresponding data layer."
input/cluster_crosswalk_master.csv,gaia_profile_available,bool,boolean,"Gaia EDR3 profile, catalogue, or diagnostic quantity.","Blank/NaN indicates not available, not applicable, or not present in the corresponding data layer."
input/cluster_crosswalk_master.csv,hacks_profile_available,bool,boolean,HST/HACKS profile or diagnostic quantity.,"Blank/NaN indicates not available, not applicable, or not present in the corresponding data layer."
input/cluster_crosswalk_master.csv,apogee_parameters_available,bool,boolean,APOGEE DR17 globular-cluster support metadata.,"Blank/NaN indicates not available, not applicable, or not present in the corresponding data layer."
input/cluster_crosswalk_master.csv,apogee_members_available,bool,boolean,APOGEE DR17 globular-cluster support metadata.,"Blank/NaN indicates not available, not applicable, or not present in the corresponding data layer."
input/cluster_crosswalk_master.csv,gaia_name,object,,"Gaia EDR3 profile, catalogue, or diagnostic quantity.","Blank/NaN indicates not available, not applicable, or not present in the corresponding data layer."
input/cluster_crosswalk_master.csv,gaia_catalogue_file,object,,"Gaia EDR3 profile, catalogue, or diagnostic quantity.","Blank/NaN indicates not available, not applicable, or not present in the corresponding data layer."
input/cluster_crosswalk_master.csv,gaia_profile_file,float64,,"Gaia EDR3 profile, catalogue, or diagnostic quantity.","Blank/NaN indicates not available, not applicable, or not present in the corresponding data layer."
input/cluster_crosswalk_master.csv,n_gaia_sources,float64,count,"Gaia EDR3 profile, catalogue, or diagnostic quantity.","Blank/NaN indicates not available, not applicable, or not present in the corresponding data layer."
input/cluster_crosswalk_master.csv,n_gaia_primary_p90_q2,float64,count,"Gaia EDR3 profile, catalogue, or diagnostic quantity.","Blank/NaN indicates not available, not applicable, or not present in the corresponding data layer."
input/cluster_crosswalk_master.csv,n_gaia_profile_bins,float64,count,"Gaia EDR3 profile, catalogue, or diagnostic quantity.","Blank/NaN indicates not available, not applicable, or not present in the corresponding data layer."
input/cluster_crosswalk_master.csv,n_apogee_members,float64,count,APOGEE DR17 globular-cluster support metadata.,"Blank/NaN indicates not available, not applicable, or not present in the corresponding data layer."
input/cluster_crosswalk_master.csv,apogee_rv_median_kms,float64,km s^-1,APOGEE DR17 globular-cluster support metadata.,"Blank/NaN indicates not available, not applicable, or not present in the corresponding data layer."
input/cluster_crosswalk_master.csv,apogee_feh_median,float64,dex,APOGEE DR17 globular-cluster support metadata.,"Blank/NaN indicates not available, not applicable, or not present in the corresponding data layer."
input/gaia_edr3_catalogue_audit_170.csv,cluster_id,object,,Standardised cluster identifier used by the workflow.,"Blank/NaN indicates not available, not applicable, or not present in the corresponding data layer."
input/gaia_edr3_catalogue_audit_170.csv,gaia_name,object,,"Gaia EDR3 profile, catalogue, or diagnostic quantity.","Blank/NaN indicates not available, not applicable, or not present in the corresponding data layer."
input/gaia_edr3_catalogue_audit_170.csv,catalogue_file,object,,Column from the input or output table; see README and source provenance for context.,"Blank/NaN indicates not available, not applicable, or not present in the corresponding data layer."
input/gaia_edr3_catalogue_audit_170.csv,n_sources,int64,count,Input source or processing note.,"Blank/NaN indicates not available, not applicable, or not present in the corresponding data layer."
input/gaia_edr3_catalogue_audit_170.csv,n_finite_pm,int64,count,Column from the input or output table; see README and source provenance for context.,"Blank/NaN indicates not available, not applicable, or not present in the corresponding data layer."
input/gaia_edr3_catalogue_audit_170.csv,n_finite_phot,int64,count,Column from the input or output table; see README and source provenance for context.,"Blank/NaN indicates not available, not applicable, or not present in the corresponding data layer."
input/gaia_edr3_catalogue_audit_170.csv,n_p50,int64,count,Column from the input or output table; see README and source provenance for context.,"Blank/NaN indicates not available, not applicable, or not present in the corresponding data layer."
input/gaia_edr3_catalogue_audit_170.csv,n_p70,int64,count,Column from the input or output table; see README and source provenance for context.,"Blank/NaN indicates not available, not applicable, or not present in the corresponding data layer."
input/gaia_edr3_catalogue_audit_170.csv,n_p90,int64,count,Column from the input or output table; see README and source provenance for context.,"Blank/NaN indicates not available, not applicable, or not present in the corresponding data layer."
input/gaia_edr3_catalogue_audit_170.csv,n_p95,int64,count,Column from the input or output table; see README and source provenance for context.,"Blank/NaN indicates not available, not applicable, or not present in the corresponding data layer."
input/gaia_edr3_catalogue_audit_170.csv,n_primary_q2_p90,int64,count,Column from the input or output table; see README and source provenance for context.,"Blank/NaN indicates not available, not applicable, or not present in the corresponding data layer."
input/gaia_edr3_catalogue_audit_170.csv,median_density_arcmin2,float64,stars arcmin^-2,Column from the input or output table; see README and source provenance for context.,"Blank/NaN indicates not available, not applicable, or not present in the corresponding data layer."
input/gaia_edr3_catalogue_audit_170.csv,p90_density_arcmin2,float64,stars arcmin^-2,Column from the input or output table; see README and source provenance for context.,"Blank/NaN indicates not available, not applicable, or not present in the corresponding data layer."
input/gaia_edr3_catalogue_audit_170.csv,median_g,float64,,Column from the input or output table; see README and source provenance for context.,"Blank/NaN indicates not available, not applicable, or not present in the corresponding data layer."
input/gaia_edr3_catalogue_audit_170.csv,median_bp_rp,float64,,Column from the input or output table; see README and source provenance for context.,"Blank/NaN indicates not available, not applicable, or not present in the corresponding data layer."
input/gaia_edr3_catalogue_audit_170.csv,median_pmra,float64,,Column from the input or output table; see README and source provenance for context.,"Blank/NaN indicates not available, not applicable, or not present in the corresponding data layer."
input/gaia_edr3_catalogue_audit_170.csv,median_pmdec,float64,,Column from the input or output table; see README and source provenance for context.,"Blank/NaN indicates not available, not applicable, or not present in the corresponding data layer."
input/gaia_edr3_profile_percentiles.csv,cluster_id,object,,Standardised cluster identifier used by the workflow.,"Blank/NaN indicates not available, not applicable, or not present in the corresponding data layer."
input/gaia_edr3_profile_percentiles.csv,gaia_name,object,,"Gaia EDR3 profile, catalogue, or diagnostic quantity.","Blank/NaN indicates not available, not applicable, or not present in the corresponding data layer."
input/gaia_edr3_profile_percentiles.csv,radius_deg,float64,deg,Column from the input or output table; see README and source provenance for context.,"Blank/NaN indicates not available, not applicable, or not present in the corresponding data layer."
input/gaia_edr3_profile_percentiles.csv,disp_p02_3,float64,,Column from the input or output table; see README and source provenance for context.,"Blank/NaN indicates not available, not applicable, or not present in the corresponding data layer."
input/gaia_edr3_profile_percentiles.csv,disp_p15_9,float64,,Column from the input or output table; see README and source provenance for context.,"Blank/NaN indicates not available, not applicable, or not present in the corresponding data layer."
input/gaia_edr3_profile_percentiles.csv,disp_p50,float64,,Column from the input or output table; see README and source provenance for context.,"Blank/NaN indicates not available, not applicable, or not present in the corresponding data layer."
input/gaia_edr3_profile_percentiles.csv,disp_p84_1,float64,,Column from the input or output table; see README and source provenance for context.,"Blank/NaN indicates not available, not applicable, or not present in the corresponding data layer."
input/gaia_edr3_profile_percentiles.csv,disp_p97_7,float64,,Column from the input or output table; see README and source provenance for context.,"Blank/NaN indicates not available, not applicable, or not present in the corresponding data layer."
input/gaia_edr3_profile_percentiles.csv,rot_p02_3,float64,,Column from the input or output table; see README and source provenance for context.,"Blank/NaN indicates not available, not applicable, or not present in the corresponding data layer."
input/gaia_edr3_profile_percentiles.csv,rot_p15_9,float64,,Column from the input or output table; see README and source provenance for context.,"Blank/NaN indicates not available, not applicable, or not present in the corresponding data layer."
input/gaia_edr3_profile_percentiles.csv,rot_p50,float64,,Column from the input or output table; see README and source provenance for context.,"Blank/NaN indicates not available, not applicable, or not present in the corresponding data layer."
input/gaia_edr3_profile_percentiles.csv,rot_p84_1,float64,,Column from the input or output table; see README and source provenance for context.,"Blank/NaN indicates not available, not applicable, or not present in the corresponding data layer."
input/gaia_edr3_profile_percentiles.csv,rot_p97_7,float64,,Column from the input or output table; see README and source provenance for context.,"Blank/NaN indicates not available, not applicable, or not present in the corresponding data layer."
input/gaia_edr3_profile_percentiles.csv,rot_extra,float64,,Column from the input or output table; see README and source provenance for context.,"Blank/NaN indicates not available, not applicable, or not present in the corresponding data layer."
input/gaia_edr3_profile_percentiles.csv,source_file,object,,Input source or processing note.,"Blank/NaN indicates not available, not applicable, or not present in the corresponding data layer."
input/gaia_edr3_profile_summary.csv,cluster_id,object,,Standardised cluster identifier used by the workflow.,"Blank/NaN indicates not available, not applicable, or not present in the corresponding data layer."
input/gaia_edr3_profile_summary.csv,gaia_name,object,,"Gaia EDR3 profile, catalogue, or diagnostic quantity.","Blank/NaN indicates not available, not applicable, or not present in the corresponding data layer."
input/gaia_edr3_profile_summary.csv,source_file,object,,Input source or processing note.,"Blank/NaN indicates not available, not applicable, or not present in the corresponding data layer."
input/gaia_edr3_profile_summary.csv,n_profile_bins,int64,count,Column from the input or output table; see README and source provenance for context.,"Blank/NaN indicates not available, not applicable, or not present in the corresponding data layer."
input/gaia_edr3_profile_summary.csv,radius_min_deg,float64,deg,Column from the input or output table; see README and source provenance for context.,"Blank/NaN indicates not available, not applicable, or not present in the corresponding data layer."
input/gaia_edr3_profile_summary.csv,radius_max_deg,float64,deg,Column from the input or output table; see README and source provenance for context.,"Blank/NaN indicates not available, not applicable, or not present in the corresponding data layer."
input/gaia_edr3_profile_summary.csv,disp_inner_p50,float64,,Column from the input or output table; see README and source provenance for context.,"Blank/NaN indicates not available, not applicable, or not present in the corresponding data layer."
input/gaia_edr3_profile_summary.csv,disp_outer_p50,float64,,Column from the input or output table; see README and source provenance for context.,"Blank/NaN indicates not available, not applicable, or not present in the corresponding data layer."
input/gaia_edr3_profile_summary.csv,rot_peak_abs_p50,float64,,Column from the input or output table; see README and source provenance for context.,"Blank/NaN indicates not available, not applicable, or not present in the corresponding data layer."
input/hacks_hst_dispersion_profiles.csv,cluster_id,object,,Standardised cluster identifier used by the workflow.,"Blank/NaN indicates not available, not applicable, or not present in the corresponding data layer."
input/hacks_hst_dispersion_profiles.csv,hacks_cluster_id,object,,HST/HACKS profile or diagnostic quantity.,"Blank/NaN indicates not available, not applicable, or not present in the corresponding data layer."
input/hacks_hst_dispersion_profiles.csv,bin,int64,count,Column from the input or output table; see README and source provenance for context.,"Blank/NaN indicates not available, not applicable, or not present in the corresponding data layer."
input/hacks_hst_dispersion_profiles.csv,n_stars,int64,count,Column from the input or output table; see README and source provenance for context.,"Blank/NaN indicates not available, not applicable, or not present in the corresponding data layer."
input/hacks_hst_dispersion_profiles.csv,r_arcsec,float64,arcsec,Column from the input or output table; see README and source provenance for context.,"Blank/NaN indicates not available, not applicable, or not present in the corresponding data layer."
input/hacks_hst_dispersion_profiles.csv,sigma_pm_masyr,float64,mas yr^-1,Proper-motion dispersion or its uncertainty.,"Blank/NaN indicates not available, not applicable, or not present in the corresponding data layer."
input/hacks_hst_dispersion_profiles.csv,sigma_pm_err_masyr,float64,mas yr^-1,Proper-motion dispersion or its uncertainty.,"Blank/NaN indicates not available, not applicable, or not present in the corresponding data layer."
input/hacks_hst_dispersion_profiles.csv,sigma_radial_masyr,float64,mas yr^-1,Column from the input or output table; see README and source provenance for context.,"Blank/NaN indicates not available, not applicable, or not present in the corresponding data layer."
input/hacks_hst_dispersion_profiles.csv,sigma_radial_err_masyr,float64,mas yr^-1,Column from the input or output table; see README and source provenance for context.,"Blank/NaN indicates not available, not applicable, or not present in the corresponding data layer."
input/hacks_hst_dispersion_profiles.csv,sigma_tangential_masyr,float64,mas yr^-1,Column from the input or output table; see README and source provenance for context.,"Blank/NaN indicates not available, not applicable, or not present in the corresponding data layer."
input/hacks_hst_dispersion_profiles.csv,sigma_tangential_err_masyr,float64,mas yr^-1,Column from the input or output table; see README and source provenance for context.,"Blank/NaN indicates not available, not applicable, or not present in the corresponding data layer."
input/hacks_hst_dispersion_profiles.csv,source_note,object,,Input source or processing note.,"Blank/NaN indicates not available, not applicable, or not present in the corresponding data layer."
input/hacks_hst_dispersion_summary.csv,cluster_id,object,,Standardised cluster identifier used by the workflow.,"Blank/NaN indicates not available, not applicable, or not present in the corresponding data layer."
input/hacks_hst_dispersion_summary.csv,n_hacks_bins,int64,count,HST/HACKS profile or diagnostic quantity.,"Blank/NaN indicates not available, not applicable, or not present in the corresponding data layer."
input/hacks_hst_dispersion_summary.csv,sum_bin_stars,int64,,Column from the input or output table; see README and source provenance for context.,"Blank/NaN indicates not available, not applicable, or not present in the corresponding data layer."
input/hacks_hst_dispersion_summary.csv,r_min_arcsec,float64,arcsec,Column from the input or output table; see README and source provenance for context.,"Blank/NaN indicates not available, not applicable, or not present in the corresponding data layer."
input/hacks_hst_dispersion_summary.csv,r_max_arcsec,float64,arcsec,Column from the input or output table; see README and source provenance for context.,"Blank/NaN indicates not available, not applicable, or not present in the corresponding data layer."
input/hacks_hst_dispersion_summary.csv,median_sigma_pm_masyr,float64,mas yr^-1,Proper-motion dispersion or its uncertainty.,"Blank/NaN indicates not available, not applicable, or not present in the corresponding data layer."
input/hacks_hst_dispersion_summary.csv,min_sigma_pm_masyr,float64,mas yr^-1,Proper-motion dispersion or its uncertainty.,"Blank/NaN indicates not available, not applicable, or not present in the corresponding data layer."
input/hacks_hst_dispersion_summary.csv,max_sigma_pm_masyr,float64,mas yr^-1,Proper-motion dispersion or its uncertainty.,"Blank/NaN indicates not available, not applicable, or not present in the corresponding data layer."
input/hacks_hst_dispersion_summary.csv,median_sigma_pm_err_masyr,float64,mas yr^-1,Proper-motion dispersion or its uncertainty.,"Blank/NaN indicates not available, not applicable, or not present in the corresponding data layer."
input/hacks_hst_dispersion_summary.csv,source_note,object,,Input source or processing note.,"Blank/NaN indicates not available, not applicable, or not present in the corresponding data layer."
output_csv/GaiaHST_APOGEE_OVERLAP_SUPPORT.csv,cluster_id,object,,Standardised cluster identifier used by the workflow.,"Blank/NaN indicates not available, not applicable, or not present in the corresponding data layer."
output_csv/GaiaHST_APOGEE_OVERLAP_SUPPORT.csv,quality_class_short,object,,Single-letter validation class.,"Blank/NaN indicates not available, not applicable, or not present in the corresponding data layer."
output_csv/GaiaHST_APOGEE_OVERLAP_SUPPORT.csv,quality_class,object,,Cluster-level Gaia--HST validation class.,"Blank/NaN indicates not available, not applicable, or not present in the corresponding data layer."
output_csv/GaiaHST_APOGEE_OVERLAP_SUPPORT.csv,n_apogee_rows,int64,count,APOGEE DR17 globular-cluster support metadata.,"Blank/NaN indicates not available, not applicable, or not present in the corresponding data layer."
output_csv/GaiaHST_APOGEE_OVERLAP_SUPPORT.csv,apogee_rv_median_kms,float64,km s^-1,APOGEE DR17 globular-cluster support metadata.,"Blank/NaN indicates not available, not applicable, or not present in the corresponding data layer."
output_csv/GaiaHST_APOGEE_OVERLAP_SUPPORT.csv,apogee_feh_median,float64,dex,APOGEE DR17 globular-cluster support metadata.,"Blank/NaN indicates not available, not applicable, or not present in the corresponding data layer."
output_csv/GaiaHST_BENCHMARK_AGREEMENT_CASES.csv,cluster_id,object,,Standardised cluster identifier used by the workflow.,"Blank/NaN indicates not available, not applicable, or not present in the corresponding data layer."
output_csv/GaiaHST_BENCHMARK_AGREEMENT_CASES.csv,n_matched_bins,int64,count,Number of matched Gaia--HST radial bins for a cluster.,"Blank/NaN indicates not available, not applicable, or not present in the corresponding data layer."
output_csv/GaiaHST_BENCHMARK_AGREEMENT_CASES.csv,mean_delta_frac,float64,dimensionless,Mean fractional Gaia--HST dispersion residual.,"Blank/NaN indicates not available, not applicable, or not present in the corresponding data layer."
output_csv/GaiaHST_BENCHMARK_AGREEMENT_CASES.csv,quality_class_short,object,,Single-letter validation class.,"Blank/NaN indicates not available, not applicable, or not present in the corresponding data layer."
output_csv/GaiaHST_BENCHMARK_AGREEMENT_CASES.csv,quality_class,object,,Cluster-level Gaia--HST validation class.,"Blank/NaN indicates not available, not applicable, or not present in the corresponding data layer."
output_csv/GaiaHST_BOOTSTRAP_GLOBAL_MEAN.csv,bootstrap_mode,object,,Bootstrap resampling scheme.,"Blank/NaN indicates not available, not applicable, or not present in the corresponding data layer."
output_csv/GaiaHST_BOOTSTRAP_GLOBAL_MEAN.csv,p2_5,float64,,Column from the input or output table; see README and source provenance for context.,"Blank/NaN indicates not available, not applicable, or not present in the corresponding data layer."
output_csv/GaiaHST_BOOTSTRAP_GLOBAL_MEAN.csv,median,float64,,Column from the input or output table; see README and source provenance for context.,"Blank/NaN indicates not available, not applicable, or not present in the corresponding data layer."
output_csv/GaiaHST_BOOTSTRAP_GLOBAL_MEAN.csv,p97_5,float64,,Column from the input or output table; see README and source provenance for context.,"Blank/NaN indicates not available, not applicable, or not present in the corresponding data layer."
output_csv/GaiaHST_BOOTSTRAP_GLOBAL_MEAN.csv,interpretation,object,,Textual interpretation field used for manuscript tables.,"Blank/NaN indicates not available, not applicable, or not present in the corresponding data layer."
output_csv/GaiaHST_CLASS_BOUNDARY_SENSITIVITY.csv,threshold_set,object,,Column from the input or output table; see README and source provenance for context.,"Blank/NaN indicates not available, not applicable, or not present in the corresponding data layer."
output_csv/GaiaHST_CLASS_BOUNDARY_SENSITIVITY.csv,n_A,int64,count,Column from the input or output table; see README and source provenance for context.,"Blank/NaN indicates not available, not applicable, or not present in the corresponding data layer."
output_csv/GaiaHST_CLASS_BOUNDARY_SENSITIVITY.csv,n_B,int64,count,Column from the input or output table; see README and source provenance for context.,"Blank/NaN indicates not available, not applicable, or not present in the corresponding data layer."
output_csv/GaiaHST_CLASS_BOUNDARY_SENSITIVITY.csv,n_C,int64,count,Column from the input or output table; see README and source provenance for context.,"Blank/NaN indicates not available, not applicable, or not present in the corresponding data layer."
output_csv/GaiaHST_CLASS_BOUNDARY_SENSITIVITY.csv,n_D,int64,count,Column from the input or output table; see README and source provenance for context.,"Blank/NaN indicates not available, not applicable, or not present in the corresponding data layer."
output_csv/GaiaHST_CLASS_BOUNDARY_SENSITIVITY.csv,n_E,int64,count,Column from the input or output table; see README and source provenance for context.,"Blank/NaN indicates not available, not applicable, or not present in the corresponding data layer."
output_csv/GaiaHST_CLASS_BOUNDARY_SENSITIVITY.csv,notes,object,,Column from the input or output table; see README and source provenance for context.,"Blank/NaN indicates not available, not applicable, or not present in the corresponding data layer."
output_csv/GaiaHST_CLASS_COUNT_SUMMARY.csv,quality_class,object,,Cluster-level Gaia--HST validation class.,"Blank/NaN indicates not available, not applicable, or not present in the corresponding data layer."
output_csv/GaiaHST_CLASS_COUNT_SUMMARY.csv,n_clusters,int64,count,Column from the input or output table; see README and source provenance for context.,"Blank/NaN indicates not available, not applicable, or not present in the corresponding data layer."
output_csv/GaiaHST_CLASS_COUNT_SUMMARY.csv,quality_class_short,object,,Single-letter validation class.,"Blank/NaN indicates not available, not applicable, or not present in the corresponding data layer."
output_csv/GaiaHST_CLASS_COUNT_SUMMARY.csv,fraction_percent,float64,dimensionless,Column from the input or output table; see README and source provenance for context.,"Blank/NaN indicates not available, not applicable, or not present in the corresponding data layer."
output_csv/GaiaHST_CLUSTER_QUALITY_CLASSES.csv,cluster_id,object,,Standardised cluster identifier used by the workflow.,"Blank/NaN indicates not available, not applicable, or not present in the corresponding data layer."
output_csv/GaiaHST_CLUSTER_QUALITY_CLASSES.csv,n_matched_bins,int64,count,Number of matched Gaia--HST radial bins for a cluster.,"Blank/NaN indicates not available, not applicable, or not present in the corresponding data layer."
output_csv/GaiaHST_CLUSTER_QUALITY_CLASSES.csv,mean_delta_frac,float64,dimensionless,Mean fractional Gaia--HST dispersion residual.,"Blank/NaN indicates not available, not applicable, or not present in the corresponding data layer."
output_csv/GaiaHST_CLUSTER_QUALITY_CLASSES.csv,median_delta_frac,float64,dimensionless,Median fractional Gaia--HST dispersion residual.,"Blank/NaN indicates not available, not applicable, or not present in the corresponding data layer."
output_csv/GaiaHST_CLUSTER_QUALITY_CLASSES.csv,rms_delta_frac,float64,dimensionless,Root-mean-square fractional Gaia--HST dispersion residual.,"Blank/NaN indicates not available, not applicable, or not present in the corresponding data layer."
output_csv/GaiaHST_CLUSTER_QUALITY_CLASSES.csv,redchi2_raw,float64,dimensionless,Raw reduced chi-square statistic for Gaia--HST residuals.,"Blank/NaN indicates not available, not applicable, or not present in the corresponding data layer."
output_csv/GaiaHST_CLUSTER_QUALITY_CLASSES.csv,redchi2_corrected,float64,dimensionless,Reduced chi-square after empirical uncertainty correction.,"Blank/NaN indicates not available, not applicable, or not present in the corresponding data layer."
output_csv/GaiaHST_CLUSTER_QUALITY_CLASSES.csv,quality_class,object,,Cluster-level Gaia--HST validation class.,"Blank/NaN indicates not available, not applicable, or not present in the corresponding data layer."
output_csv/GaiaHST_CLUSTER_QUALITY_CLASSES.csv,gaia_error_scale,float64,,"Gaia EDR3 profile, catalogue, or diagnostic quantity.","Blank/NaN indicates not available, not applicable, or not present in the corresponding data layer."
output_csv/GaiaHST_CLUSTER_QUALITY_CLASSES.csv,gaia_systematic_floor_masyr,float64,mas yr^-1,"Gaia EDR3 profile, catalogue, or diagnostic quantity.","Blank/NaN indicates not available, not applicable, or not present in the corresponding data layer."
output_csv/GaiaHST_CLUSTER_QUALITY_CLASSES.csv,median_gaia_density_arcmin2,float64,stars arcmin^-2,"Gaia EDR3 profile, catalogue, or diagnostic quantity.","Blank/NaN indicates not available, not applicable, or not present in the corresponding data layer."
output_csv/GaiaHST_CLUSTER_QUALITY_CLASSES.csv,n_apogee_rows,int64,count,APOGEE DR17 globular-cluster support metadata.,"Blank/NaN indicates not available, not applicable, or not present in the corresponding data layer."
output_csv/GaiaHST_CLUSTER_QUALITY_CLASSES.csv,n_gaia_sources,int64,count,"Gaia EDR3 profile, catalogue, or diagnostic quantity.","Blank/NaN indicates not available, not applicable, or not present in the corresponding data layer."
output_csv/GaiaHST_CLUSTER_QUALITY_CLASSES.csv,n_gaia_primary_p90_q2,int64,count,"Gaia EDR3 profile, catalogue, or diagnostic quantity.","Blank/NaN indicates not available, not applicable, or not present in the corresponding data layer."
output_csv/GaiaHST_CLUSTER_QUALITY_CLASSES.csv,apogee_rv_median_kms,float64,km s^-1,APOGEE DR17 globular-cluster support metadata.,"Blank/NaN indicates not available, not applicable, or not present in the corresponding data layer."
output_csv/GaiaHST_CLUSTER_QUALITY_CLASSES.csv,apogee_feh_median,float64,dex,APOGEE DR17 globular-cluster support metadata.,"Blank/NaN indicates not available, not applicable, or not present in the corresponding data layer."
output_csv/GaiaHST_CORRECTION_REQUIRED_AND_NOT_RELIABLE_CLUSTERS.csv,cluster_id,object,,Standardised cluster identifier used by the workflow.,"Blank/NaN indicates not available, not applicable, or not present in the corresponding data layer."
output_csv/GaiaHST_CORRECTION_REQUIRED_AND_NOT_RELIABLE_CLUSTERS.csv,n_matched_bins,int64,count,Number of matched Gaia--HST radial bins for a cluster.,"Blank/NaN indicates not available, not applicable, or not present in the corresponding data layer."
output_csv/GaiaHST_CORRECTION_REQUIRED_AND_NOT_RELIABLE_CLUSTERS.csv,mean_delta_frac,float64,dimensionless,Mean fractional Gaia--HST dispersion residual.,"Blank/NaN indicates not available, not applicable, or not present in the corresponding data layer."
output_csv/GaiaHST_CORRECTION_REQUIRED_AND_NOT_RELIABLE_CLUSTERS.csv,rms_delta_frac,float64,dimensionless,Root-mean-square fractional Gaia--HST dispersion residual.,"Blank/NaN indicates not available, not applicable, or not present in the corresponding data layer."
output_csv/GaiaHST_CORRECTION_REQUIRED_AND_NOT_RELIABLE_CLUSTERS.csv,quality_class_short,object,,Single-letter validation class.,"Blank/NaN indicates not available, not applicable, or not present in the corresponding data layer."
output_csv/GaiaHST_CORRECTION_REQUIRED_AND_NOT_RELIABLE_CLUSTERS.csv,quality_class,object,,Cluster-level Gaia--HST validation class.,"Blank/NaN indicates not available, not applicable, or not present in the corresponding data layer."
output_csv/GaiaHST_CSV_MANIFEST.csv,file_name,object,,Column from the input or output table; see README and source provenance for context.,"Blank/NaN indicates not available, not applicable, or not present in the corresponding data layer."
output_csv/GaiaHST_CSV_MANIFEST.csv,n_rows,int64,count,Column from the input or output table; see README and source provenance for context.,"Blank/NaN indicates not available, not applicable, or not present in the corresponding data layer."
output_csv/GaiaHST_CSV_MANIFEST.csv,n_columns,int64,count,Column from the input or output table; see README and source provenance for context.,"Blank/NaN indicates not available, not applicable, or not present in the corresponding data layer."
output_csv/GaiaHST_CSV_MANIFEST.csv,columns,object,,Column from the input or output table; see README and source provenance for context.,"Blank/NaN indicates not available, not applicable, or not present in the corresponding data layer."
output_csv/GaiaHST_CSV_MANIFEST.csv,role,object,,Column from the input or output table; see README and source provenance for context.,"Blank/NaN indicates not available, not applicable, or not present in the corresponding data layer."
output_csv/GaiaHST_DATA_LAYER_READINESS.csv,cluster_id,object,,Standardised cluster identifier used by the workflow.,"Blank/NaN indicates not available, not applicable, or not present in the corresponding data layer."
output_csv/GaiaHST_DATA_LAYER_READINESS.csv,gaia_catalogue_available,int64,boolean,"Gaia EDR3 profile, catalogue, or diagnostic quantity.","Blank/NaN indicates not available, not applicable, or not present in the corresponding data layer."
output_csv/GaiaHST_DATA_LAYER_READINESS.csv,gaia_profile_available,int64,boolean,"Gaia EDR3 profile, catalogue, or diagnostic quantity.","Blank/NaN indicates not available, not applicable, or not present in the corresponding data layer."
output_csv/GaiaHST_DATA_LAYER_READINESS.csv,hst_hacks_profile_available,int64,boolean,HST/HACKS profile or diagnostic quantity.,"Blank/NaN indicates not available, not applicable, or not present in the corresponding data layer."
output_csv/GaiaHST_DATA_LAYER_READINESS.csv,apogee_available,int64,boolean,APOGEE DR17 globular-cluster support metadata.,"Blank/NaN indicates not available, not applicable, or not present in the corresponding data layer."
output_csv/GaiaHST_DATA_LAYER_READINESS.csv,n_gaia_profile_bins,int64,count,"Gaia EDR3 profile, catalogue, or diagnostic quantity.","Blank/NaN indicates not available, not applicable, or not present in the corresponding data layer."
output_csv/GaiaHST_DATA_LAYER_READINESS.csv,n_hst_bins,int64,count,HST/HACKS profile or diagnostic quantity.,"Blank/NaN indicates not available, not applicable, or not present in the corresponding data layer."
output_csv/GaiaHST_DATA_LAYER_READINESS.csv,n_apogee_rows,int64,count,APOGEE DR17 globular-cluster support metadata.,"Blank/NaN indicates not available, not applicable, or not present in the corresponding data layer."
output_csv/GaiaHST_DATA_LAYER_READINESS.csv,median_gaia_density_arcmin2,float64,stars arcmin^-2,"Gaia EDR3 profile, catalogue, or diagnostic quantity.","Blank/NaN indicates not available, not applicable, or not present in the corresponding data layer."
output_csv/GaiaHST_DATA_LAYER_READINESS.csv,ready_for_gaia_hst_validation,int64,boolean,"Gaia EDR3 profile, catalogue, or diagnostic quantity.","Blank/NaN indicates not available, not applicable, or not present in the corresponding data layer."
output_csv/GaiaHST_GLOBAL_CALIBRATION_SUMMARY.csv,n_matched_bins,int64,count,Number of matched Gaia--HST radial bins for a cluster.,"Blank/NaN indicates not available, not applicable, or not present in the corresponding data layer."
output_csv/GaiaHST_GLOBAL_CALIBRATION_SUMMARY.csv,n_clusters,int64,count,Column from the input or output table; see README and source provenance for context.,"Blank/NaN indicates not available, not applicable, or not present in the corresponding data layer."
output_csv/GaiaHST_GLOBAL_CALIBRATION_SUMMARY.csv,global_mean_delta_frac,float64,dimensionless,Column from the input or output table; see README and source provenance for context.,"Blank/NaN indicates not available, not applicable, or not present in the corresponding data layer."
output_csv/GaiaHST_GLOBAL_CALIBRATION_SUMMARY.csv,global_median_delta_frac,float64,dimensionless,Column from the input or output table; see README and source provenance for context.,"Blank/NaN indicates not available, not applicable, or not present in the corresponding data layer."
output_csv/GaiaHST_GLOBAL_CALIBRATION_SUMMARY.csv,global_rms_delta_frac,float64,dimensionless,Column from the input or output table; see README and source provenance for context.,"Blank/NaN indicates not available, not applicable, or not present in the corresponding data layer."
output_csv/GaiaHST_GLOBAL_CALIBRATION_SUMMARY.csv,global_redchi2_raw,float64,dimensionless,Column from the input or output table; see README and source provenance for context.,"Blank/NaN indicates not available, not applicable, or not present in the corresponding data layer."
output_csv/GaiaHST_GLOBAL_CALIBRATION_SUMMARY.csv,quality_classes_present,object,,Column from the input or output table; see README and source provenance for context.,"Blank/NaN indicates not available, not applicable, or not present in the corresponding data layer."
output_csv/GaiaHST_INPUT_DATA_LAYER_SUMMARY.csv,data_layer,object,,Column from the input or output table; see README and source provenance for context.,"Blank/NaN indicates not available, not applicable, or not present in the corresponding data layer."
output_csv/GaiaHST_INPUT_DATA_LAYER_SUMMARY.csv,n_row,int64,count,Column from the input or output table; see README and source provenance for context.,"Blank/NaN indicates not available, not applicable, or not present in the corresponding data layer."
output_csv/GaiaHST_INPUT_DATA_LAYER_SUMMARY.csv,n_cluster,int64,count,Column from the input or output table; see README and source provenance for context.,"Blank/NaN indicates not available, not applicable, or not present in the corresponding data layer."
output_csv/GaiaHST_INPUT_DATA_LAYER_SUMMARY.csv,baseline_use,object,,Column from the input or output table; see README and source provenance for context.,"Blank/NaN indicates not available, not applicable, or not present in the corresponding data layer."
output_csv/GaiaHST_INPUT_DATA_LAYER_SUMMARY.csv,scientific_role,object,,Column from the input or output table; see README and source provenance for context.,"Blank/NaN indicates not available, not applicable, or not present in the corresponding data layer."
output_csv/GaiaHST_MATCHED_RADIAL_COMPARISON.csv,cluster_id,object,,Standardised cluster identifier used by the workflow.,"Blank/NaN indicates not available, not applicable, or not present in the corresponding data layer."
output_csv/GaiaHST_MATCHED_RADIAL_COMPARISON.csv,hacks_bin,int64,count,HST/HACKS profile or diagnostic quantity.,"Blank/NaN indicates not available, not applicable, or not present in the corresponding data layer."
output_csv/GaiaHST_MATCHED_RADIAL_COMPARISON.csv,hacks_n_stars,int64,,Number of HST/HACKS stars in the radial bin.,"Blank/NaN indicates not available, not applicable, or not present in the corresponding data layer."
output_csv/GaiaHST_MATCHED_RADIAL_COMPARISON.csv,radius_arcsec,float64,arcsec,Projected radius of the matched HST bin.,"Blank/NaN indicates not available, not applicable, or not present in the corresponding data layer."
output_csv/GaiaHST_MATCHED_RADIAL_COMPARISON.csv,hst_sigma_pm_masyr,float64,mas yr^-1,Proper-motion dispersion or its uncertainty.,"Blank/NaN indicates not available, not applicable, or not present in the corresponding data layer."
output_csv/GaiaHST_MATCHED_RADIAL_COMPARISON.csv,hst_sigma_pm_err_masyr,float64,mas yr^-1,Proper-motion dispersion or its uncertainty.,"Blank/NaN indicates not available, not applicable, or not present in the corresponding data layer."
output_csv/GaiaHST_MATCHED_RADIAL_COMPARISON.csv,gaia_sigma_pm_masyr,float64,mas yr^-1,Proper-motion dispersion or its uncertainty.,"Blank/NaN indicates not available, not applicable, or not present in the corresponding data layer."
output_csv/GaiaHST_MATCHED_RADIAL_COMPARISON.csv,gaia_sigma_pm_err_masyr,float64,mas yr^-1,Proper-motion dispersion or its uncertainty.,"Blank/NaN indicates not available, not applicable, or not present in the corresponding data layer."
output_csv/GaiaHST_MATCHED_RADIAL_COMPARISON.csv,sigma_diff_masyr,float64,mas yr^-1,Column from the input or output table; see README and source provenance for context.,"Blank/NaN indicates not available, not applicable, or not present in the corresponding data layer."
output_csv/GaiaHST_MATCHED_RADIAL_COMPARISON.csv,delta_frac,float64,dimensionless,"Fractional dispersion residual, (sigma_Gaia - sigma_HST)/sigma_HST.","Blank/NaN indicates not available, not applicable, or not present in the corresponding data layer."
output_csv/GaiaHST_MATCHED_RADIAL_COMPARISON.csv,z_raw,float64,,Column from the input or output table; see README and source provenance for context.,"Blank/NaN indicates not available, not applicable, or not present in the corresponding data layer."
output_csv/GaiaHST_MATCHED_RADIAL_COMPARISON.csv,z_corrected,float64,,Column from the input or output table; see README and source provenance for context.,"Blank/NaN indicates not available, not applicable, or not present in the corresponding data layer."
output_csv/GaiaHST_MATCHED_RADIAL_COMPARISON.csv,hst_sigma_radial_masyr,float64,mas yr^-1,HST/HACKS profile or diagnostic quantity.,"Blank/NaN indicates not available, not applicable, or not present in the corresponding data layer."
output_csv/GaiaHST_MATCHED_RADIAL_COMPARISON.csv,hst_sigma_radial_err_masyr,float64,mas yr^-1,HST/HACKS profile or diagnostic quantity.,"Blank/NaN indicates not available, not applicable, or not present in the corresponding data layer."
output_csv/GaiaHST_MATCHED_RADIAL_COMPARISON.csv,hst_sigma_tangential_masyr,float64,mas yr^-1,HST/HACKS profile or diagnostic quantity.,"Blank/NaN indicates not available, not applicable, or not present in the corresponding data layer."
output_csv/GaiaHST_MATCHED_RADIAL_COMPARISON.csv,hst_sigma_tangential_err_masyr,float64,mas yr^-1,HST/HACKS profile or diagnostic quantity.,"Blank/NaN indicates not available, not applicable, or not present in the corresponding data layer."
output_csv/GaiaHST_MATCHED_RADIAL_COMPARISON.csv,hst_beta_pm,float64,,HST/HACKS profile or diagnostic quantity.,"Blank/NaN indicates not available, not applicable, or not present in the corresponding data layer."
output_csv/GaiaHST_MATCHED_RADIAL_COMPARISON.csv,median_gaia_density_arcmin2,float64,stars arcmin^-2,"Gaia EDR3 profile, catalogue, or diagnostic quantity.","Blank/NaN indicates not available, not applicable, or not present in the corresponding data layer."
output_csv/GaiaHST_MATCHED_RADIAL_COMPARISON.csv,n_apogee_rows,int64,count,APOGEE DR17 globular-cluster support metadata.,"Blank/NaN indicates not available, not applicable, or not present in the corresponding data layer."
output_csv/GaiaHST_ROBUSTNESS_SUMMARY.csv,test_family,object,,Column from the input or output table; see README and source provenance for context.,"Blank/NaN indicates not available, not applicable, or not present in the corresponding data layer."
output_csv/GaiaHST_ROBUSTNESS_SUMMARY.csv,variant,object,,Column from the input or output table; see README and source provenance for context.,"Blank/NaN indicates not available, not applicable, or not present in the corresponding data layer."
output_csv/GaiaHST_ROBUSTNESS_SUMMARY.csv,n_bins,int64,count,Column from the input or output table; see README and source provenance for context.,"Blank/NaN indicates not available, not applicable, or not present in the corresponding data layer."
output_csv/GaiaHST_ROBUSTNESS_SUMMARY.csv,n_clusters,int64,count,Column from the input or output table; see README and source provenance for context.,"Blank/NaN indicates not available, not applicable, or not present in the corresponding data layer."
output_csv/GaiaHST_ROBUSTNESS_SUMMARY.csv,mean_delta_frac,float64,dimensionless,Mean fractional Gaia--HST dispersion residual.,"Blank/NaN indicates not available, not applicable, or not present in the corresponding data layer."
output_csv/GaiaHST_ROBUSTNESS_SUMMARY.csv,rms_delta_frac,float64,dimensionless,Root-mean-square fractional Gaia--HST dispersion residual.,"Blank/NaN indicates not available, not applicable, or not present in the corresponding data layer."
output_csv/GaiaHST_ROBUSTNESS_SUMMARY.csv,notes,object,,Column from the input or output table; see README and source provenance for context.,"Blank/NaN indicates not available, not applicable, or not present in the corresponding data layer."
